{
    "username": "Teste",
    "memory_usage_bytes": -14225408,
    "memory_percent": -0.0843571116105553,
    "cpu_percent": 33.599999999999994
}