{
    "username": "Teste",
    "memory_usage_bytes": -46317568,
    "memory_percent": -0.27466461793612423,
    "cpu_percent": 30.299999999999997
}